<?xml version="1.0" encoding="UTF-8"?>
<project-private xmlns="http://www.netbeans.org/ns/project-private/1">
    <editor-bookmarks xmlns="http://www.netbeans.org/ns/editor-bookmarks/2" lastBookmarkId="0"/>
    <open-files xmlns="http://www.netbeans.org/ns/projectui-open-files/2">
        <group name="Group 20250505-02:49:27">
            <file>file:/C:/Users/Yuda/Documents/NetBeansProjects/Glamping/src/Tampilan/Supplier.java</file>
            <file>file:/C:/Users/Yuda/Documents/NetBeansProjects/Glamping/src/Tampilan/booking.java</file>
            <file>file:/C:/Users/Yuda/Documents/NetBeansProjects/Glamping/src/Tampilan/Dashboard.java</file>
            <file>file:/C:/Users/Yuda/Documents/NetBeansProjects/Glamping/src/Tampilan/login.java</file>
            <file>file:/C:/Users/Yuda/Documents/NetBeansProjects/Glamping/src/Tampilan/Customer.java</file>
            <file>file:/C:/Users/Yuda/Documents/NetBeansProjects/Glamping/src/Tampilan/PO.java</file>
            <file>file:/C:/Users/Yuda/Documents/NetBeansProjects/Glamping/src/Tampilan/Pemakaian_Barang.java</file>
            <file>file:/C:/Users/Yuda/Documents/NetBeansProjects/Glamping/src/Tampilan/Payment.java</file>
        </group>
        <group>
            <file>file:/C:/Users/AYU/Documents/SEMESTER%204/PEMROGRAMAN%20BERORIENTASI%20OBJEK/UAS/Glamping/Glamping/src/Tampilan/Data_Barang.java</file>
            <file>file:/C:/Users/AYU/Documents/SEMESTER%204/PEMROGRAMAN%20BERORIENTASI%20OBJEK/UAS/Glamping/Glamping/src/Tampilan/checkin.java</file>
            <file>file:/C:/Users/AYU/Documents/SEMESTER%204/PEMROGRAMAN%20BERORIENTASI%20OBJEK/UAS/Glamping/Glamping/src/Tampilan/Customer.java</file>
            <file>file:/C:/Users/AYU/Documents/SEMESTER%204/PEMROGRAMAN%20BERORIENTASI%20OBJEK/UAS/Glamping/Glamping/src/Tampilan/Dashboard.java</file>
            <file>file:/C:/Users/AYU/Documents/SEMESTER%204/PEMROGRAMAN%20BERORIENTASI%20OBJEK/UAS/Glamping/Glamping/src/Tampilan/Booking.java</file>
            <file>file:/C:/Users/AYU/Documents/SEMESTER%204/PEMROGRAMAN%20BERORIENTASI%20OBJEK/UAS/Glamping/Glamping/src/Tampilan/Supplier.java</file>
            <file>file:/C:/Users/AYU/Documents/SEMESTER%204/PEMROGRAMAN%20BERORIENTASI%20OBJEK/UAS/Glamping/Glamping/src/Tampilan/PO.java</file>
            <file>file:/C:/Users/AYU/Documents/SEMESTER%204/PEMROGRAMAN%20BERORIENTASI%20OBJEK/UAS/Glamping/Glamping/src/Tampilan/Pemakaian_Barang.java</file>
            <file>file:/C:/Users/AYU/Documents/SEMESTER%204/PEMROGRAMAN%20BERORIENTASI%20OBJEK/UAS/Glamping/Glamping/src/Tampilan/room.java</file>
            <file>file:/C:/Users/AYU/Documents/SEMESTER%204/PEMROGRAMAN%20BERORIENTASI%20OBJEK/UAS/Glamping/Glamping/src/Tampilan/Payment.java</file>
            <file>file:/C:/Users/AYU/Documents/SEMESTER%204/PEMROGRAMAN%20BERORIENTASI%20OBJEK/UAS/Glamping/Glamping/src/Tampilan/login.java</file>
        </group>
    </open-files>
</project-private>
